药名	原文字句	规范化性味
玉泉	味甘平	平，甘
丹砂	味甘微寒	微寒，甘
水銀	味辛寒	寒，辛
空青	味甘寒	寒，甘
曾青	味酸小寒	寒，酸
白青	味甘平	平，甘
雲母	味甘平	平，甘
朴消	味苦寒無毒	寒，苦
消石	味苦寒	寒，苦
礬石	味酸寒	寒，酸
滑石	味甘寒	寒，甘
紫石	味甘平	平，甘
白石英	味甘微溫	甘
青石赤石黃石白石黑石脂等	味甘平	平，甘
太一禹余糧	味甘平	平，甘
禹余糧	味甘寒	寒，甘
雄黃	味苦平	平，苦
青芝	味酸平	平，酸
赤芝	味苦平	平，苦
黃芝	味甘平	平，甘
白芝	味辛平	平，辛
黑芝	味鹹平	平
紫芝	味甘溫	甘
天門冬	味苦平，主治諸暴風濕偏痹，強骨隨，殺三蟲，去伏屍	平，苦
朮	味苦溫	苦
委萎	味甘平	平，甘
乾地黃	味甘寒	寒，甘
菖蒲	味辛溫	辛
遠志	味苦溫	苦
澤瀉	味甘寒	寒，甘
署豫	味甘小溫	甘
鞠華	味苦平	平，苦
甘草	味甘平	平，甘
人參	味甘小寒	寒，甘
石斛	味甘平	平，甘
石龍芮	味苦平	平，苦
牛膝	味苦（酸）平	平，苦、酸
獨活	味苦平無毒	平，苦
升麻	味甘平	平，甘
茈胡	味苦平	平，苦
防葵	味辛寒	寒，辛
著實	味苦平	平，苦
奄閭子	味苦小溫無毒	苦
薏苡人	味甘微寒	微寒，甘
車前子	味甘寒無毒	寒，甘
析蓂子	味辛酸溫無毒	辛、酸
充蔚子	味辛微寒	微寒，辛
木香	味辛溫	辛
龍膽	味苦澀	苦、澀
菟絲子	味辛平	平，辛
巴戟天	味辛微溫	辛
白莫	味甘寒	寒，甘
白蒿	味甘平	平，甘
地膚子	味苦寒	寒，苦
石龍芻	味苦微寒	微寒，苦
落石	味苦溫.主治風熱死肌，癰傷，口乾舌焦，癰腫不消，喉舌腫，水漿不下	苦
黃連	味苦無毒	苦
王不留行	味苦平	平，苦
藍實	味苦寒	寒，苦
景天	味苦酸平	平，苦、酸
天名精	味甘寒	寒，甘
蒲黃	味甘平，主治心腹膀胱寒熱，利小便，止血，消瘀血	平、寒熱，甘
香蒲	味甘平，主治五臟心下邪氣，口中爛臭，堅齒、明目、聰耳	平，甘
蘭草	味辛平	平，辛
決明子	味鹹平	平
雲實	味辛小溫	辛
黃芪	味甘微溫	甘
蛇床子	味苦平	平，苦
漏蘆	味苦鹹寒	寒，苦
茜根	味苦寒	寒，苦
旋華	味甘溫	甘
白兔藿	味苦平	平，苦
青蘘	味甘寒	寒，甘
當歸	味甘溫無毒	甘
茯苓	味甘平	平，甘
松脂	味苦溫	苦
柏實	味甘平	平，甘
箘桂	味辛溫	辛
牡桂	味辛溫	辛
杜仲	味辛平	平，辛
蔓荊實	味苦微寒	微寒，苦
女貞實	味苦平	平，苦
桑上寄生	味苦平	平，苦
蘇核	味甘平無毒	平，甘
蘗木	味苦寒	寒，苦
辛夷	味辛溫	辛
榆皮	味甘平	平，甘
酸棗	味酸平	平，酸
槐子	味苦寒	寒，苦
枸杞	味苦寒	寒，苦
橘柚	味辛溫	辛
蒲陶	味甘平	平，甘
蓬蔂	味酸平	平，酸
大棗	味甘平	平，甘
藕實莖	味甘平	平，甘
雞頭	味甘平	平，甘
甘瓜子	味甘平	平，甘
冬葵子	味甘寒	寒，甘
莧實	味甘寒	寒，甘
苦菜	味苦寒	寒，苦
胡麻	味甘平無毒	平，甘
麻蕡	味辛平	平，辛
髮髲	味苦溫	苦
龍骨	味甘平	平，甘
牛黃	味苦平	平，苦
麝香	味辛溫	辛
熊脂	味甘微寒	微寒，甘
白膠	味甘平	平，甘
阿膠	味甘平	平，甘
丹雄雞	味甘微溫	甘
雁肪	味甘平無毒	平，甘
石蜜	味甘平	平，甘
蜜蠟	味甘微溫	甘
蜂子	味甘平	平，甘
牡蠣	味鹹平	平
鯉魚膽	味苦寒	寒，苦
鱧魚	味甘寒	寒，甘
石膽	味酸小寒	寒，酸
石鐘乳	味甘溫	甘
雌黃	味辛平	平，辛
殷孽	味辛溫	辛
孔公孽	味辛溫	辛
石流黃	味酸溫有毒	酸
陽起石	味酸無毒	酸
凝水石	味辛寒	寒，辛
慈石	味辛寒	寒，辛
理石	味辛寒	寒，辛
長石	味辛寒	寒，辛
膚青	味辛	辛
鐵落	味辛平	平，辛
赤箭	味辛溫	辛
麥門冬	味甘平	平，甘
卷柏	味辛平	平，辛
肉松容	味鹹	
蒺藜子	味苦溫	苦
防風	味甘溫無毒	甘
沙參	味苦微寒無毒	微寒，苦
芎藭	味辛溫無毒	辛
蘼蕪	味辛溫	辛
續斷	味苦微溫	苦
茵陳蒿	味苦無毒	苦
五味	味酸溫	酸
秦艽	味苦平	平，苦
黃芩	味苦平	平，苦
芍藥	味苦	苦
乾薑	味辛溫	辛
蒿本	味辛微溫	辛
麻黃	味苦溫無毒	苦
葛根	味甘平	平，甘
知母	味苦寒無毒	寒，苦
貝母	味辛平	平，辛
栝樓	味苦寒	寒，苦
丹參	味苦微寒無毒	微寒，苦
玄參	味苦微寒無毒	微寒，苦
苦參	味苦寒	寒，苦
狗脊	味苦平	平，苦
萆薢	味苦平	平，苦
通草	味辛平	平，辛
瞿麥	味苦寒	寒，苦
敗醬	味苦平	平，苦
白芷	味辛溫	辛
杜若	味辛微溫	辛
紫草	味苦寒	寒，苦
紫菀	味苦溫	苦
白鮮	味苦寒	寒，苦
薇銜	味苦平	平，苦
白薇	味苦平	平，苦
葈耳實	味甘溫	甘
茅根	味甘寒	寒，甘
酸醬	味酸平	平，酸
淫羊藿	味辛寒	寒，辛
蠡實	味甘平	平，甘
款冬	味辛溫	辛
防己	味辛平	平，辛
女菀	味辛溫	辛
澤蘭	味酸無毒	酸
地榆	味苦微寒	微寒，苦
王孫	味苦平無毒	平，苦
爵床	味鹹寒	寒
馬先蒿	味苦平	平，苦
蜀羊泉	味苦微寒	微寒，苦
積雪草	味苦寒，主治大熱，惡瘡癰疽，浸淫赤熛，皮膚赤，身熱	寒，苦
垣衣	味酸無毒	酸
水萍	味辛寒	寒，辛
海藻	味苦寒	寒，苦
桔梗	味苦無毒	苦
旋覆花	味鹹溫	
蛇全	味苦微寒	微寒，苦
假蘇	味辛溫	辛
乾漆	味辛溫，無毒	辛
木蘭	味苦寒	寒，苦
龍眼	味甘平	平，甘
厚朴	味苦溫無毒	苦
竹葉	味苦平	平，苦
枳實	味苦寒	寒，苦
山茱萸	味酸無毒	酸
吳茱萸	味辛溫	辛
秦皮	味酸無毒	酸
支子	味苦寒	寒，苦
合歡	味甘平	平，甘
秦椒	味辛溫	辛
紫葳	味酸微寒	微寒，酸
蕪荑	味辛	辛
桑根白皮	味甘寒	寒，甘
櫻桃	味甘平無毒	平，甘
梅實	味酸平	平，酸
蓼實	味辛溫	辛
蔥實	味辛溫	辛
水蘇	味辛微溫	辛
杏核	味甘溫	甘
大豆黃卷	味甘平無毒	平，甘
粟米	味苦無毒	苦
黍米	味甘無毒	甘
犀角	味苦寒	寒，苦
羚羊角	味鹹寒	寒
羖羊角	味鹹溫	
白馬莖	味鹹平	平
狗陰莖	味鹹平	平
鹿茸	味甘溫	甘
伏翼	味鹹平	平
猬皮	味苦平	平，苦
石龍子	味鹹寒	寒
桑螵蛸	味鹹平	平
蚱蟬	味鹹寒	寒
白僵蠶	味鹹	
木虻	味苦平	平，苦
蜚虻	味苦微寒	微寒，苦
蜚廉	味鹹	
蠐螬	味鹹微溫	
蛞蝓	味鹹寒	寒
海蛤	味苦平	平，苦
龜甲	味鹹平	平
鱉甲	味鹹平	平
鮀魚甲	味辛微溫	辛
烏賊魚骨	味鹹微溫	
蟹	味鹹寒	寒
蝦蟇	味辛寒	寒，辛
石膏	味辛微寒	微寒，辛
青瑯玕	味辛平	平，辛
礜石	味辛有毒	辛
代赭	味苦寒	寒，苦
鹵鹹	味苦鹹寒	寒，苦
白堊	味苦溫	苦
鉛丹	味辛微寒	微寒，辛
粉錫	味辛寒	寒，辛
石灰	味辛溫	辛
冬灰	味辛微溫	辛
營實	味酸溫	酸
牡丹	味辛寒	寒，辛
石韋	味苦平	平，苦
百合	味甘平	平，甘
紫參	味苦寒	寒，苦
王瓜	味苦寒	寒，苦
大黃	味苦寒有毒	寒，苦
甘遂	味苦寒有毒	寒，苦
亭歷	味辛寒	寒，辛
芫華	味苦溫有毒	苦
澤漆	味苦微寒	微寒，苦
大戟	味苦寒	寒，苦
蕘華	味苦寒	寒，苦
鉤吻	味辛溫	辛
藜蘆	味辛寒有毒	寒，辛
烏頭	味辛溫有毒	辛
天雄	味辛溫	辛
附子	味辛溫有毒	辛
羊躑躅	味辛溫有毒	辛
茵芋	味苦溫	苦
射干	味苦平	平，苦
鳶尾	味苦平	平，苦
貫眾	味苦微寒有毒	微寒，苦
飛廉	味苦平	平，苦
半夏	味辛平	平，辛
虎掌	味苦溫無毒	苦
莨蕩子	味苦寒	寒，苦
蜀漆	味辛平有毒	平，辛
恒山	味苦寒	寒，苦
青葙	味苦微寒	微寒，苦
狼牙	味苦寒有毒	寒，苦
白蘞	味苦平	平，苦
白及	味苦平	平，苦
草蒿	味苦寒	寒，苦
雚菌	味鹹平	平
連翹	味苦平	平，苦
白頭公	味苦溫無毒	苦
閭茹	味酸鹹有毒	酸
羊桃	味苦寒	寒，苦
羊蹄	味苦寒	寒，苦
鹿藿	味苦平	平，苦
牛扁	味苦微寒	微寒，苦
陸英	味苦寒	寒，苦
藎草	味苦平	平，苦
夏枯草	味苦辛寒	寒，苦、辛
烏韭	味甘寒	寒，甘
蚤休	味苦微寒	微寒，苦
石長生	味鹹微寒	微寒
狼毒	味辛平	平，辛
鬼臼	味辛溫	辛
扁蓄	味苦平	平，苦
商陸	味辛平	平，辛
女青	味辛平	平，辛
姑活	味甘溫	甘
別羈	味苦微溫	苦
石下長卿	味鹹平	平
翹根	味苦寒	寒，苦
屈草	味苦	苦
松蘿	味苦平	平，苦
五加	味辛溫	辛
豬苓	味甘平	平，甘
白棘	味辛寒	寒，辛
衛矛	味苦寒無毒	寒，苦
黃環	味苦有毒	苦
石南草	味辛平	平，辛
巴豆	味辛溫有毒	辛
蜀椒	味辛溫	辛
莽草	味辛溫	辛
郁核	味酸平	平，酸
欒華	味苦寒	寒，苦
蔓椒	味苦溫	苦
雷丸	味苦寒	寒，苦
溲疏	味辛寒	寒，辛
藥食根	味辛溫	辛
皂莢	味辛鹹溫	辛
練實	味苦寒	寒，苦
柳華	味苦寒	寒，苦
桐葉	味苦寒	寒，苦
梓白皮	味苦寒	寒，苦
淮木	味苦平無毒	平，苦
桃核	味苦平	平，苦
苦瓠	味苦寒	寒，苦
水斳	味甘平	平，甘
腐婢	味辛平	平，辛
六畜毛蹄甲	味鹹平	平
麋脂	味辛溫	辛
豚卵	味甘溫	甘
鷰屎	味辛平	平，辛
天鼠屎	味辛寒	寒，辛
露蜂房	味苦平	平，苦
樗雞	味苦平	平，苦
蟅蟲	味鹹寒	寒
水蛭	味鹹平	平
石蠶	味酸無毒	酸
蛇蛻	味鹹平	平
吳公	味辛溫	辛
馬陸	味辛溫	辛
翳螉	味辛平	平，辛
雀甕	味甘平	平，甘
彼子	味甘溫	甘
鼠婦	味酸溫	酸
螢火	味辛微溫	辛
衣魚	味鹹溫無毒	
白頸蚯蚓	味鹹寒	寒
螻蛄	味鹹寒	寒
蜣蜋	味鹹寒	寒
螌蝥	味辛寒	寒，辛
地膽	味辛寒	寒，辛
馬刀	味辛微寒有毒	微寒，辛
貝子	味鹹平	平